,X_train_0,X_train_1,X_train_2,X_train_3,X_train_4,y_train
0,0.4991114284821671,0.44467538472049056,1.578375545775834,1.1226856357555637,1.5339341072385773,0.0
1,0.6353853875054878,2.5703585625648655,0.1648159908478318,0.5423991618699,1.3289758447205657,0.0
2,1.8482114971927017,0.4579044598624245,1.3836926045811635,2.347079286216172,1.223181851578444,0.0
3,1.2997685576782219,2.8936523120246793,0.8900468137040457,1.5431246412284043,1.1956936096897286,0.0
4,2.040336095372683,1.9521683646396635,3.488598439264672,1.4069407202383202,2.58664329758485,0.0
5,1.3989647661189293,2.2882832047142756,0.06707793886253931,0.5658944705318893,2.762925008975339,0.0
6,0.2672174883324932,2.339055916628487,0.6024902604019522,2.4529647901954017,0.9395750051709185,0.0
7,2.016188934956065,1.9563693284074681,0.1434835200642667,0.10319945027927871,0.8089847709942235,0.0
8,0.6958482047302706,1.2172997065318776,0.9202099669414343,0.5346025915774127,1.5279413885560318,0.0
9,1.2457194178352913,0.9956684121398082,1.9226467072728222,0.23478268745297348,1.0447624793153427,0.0
10,1.057676187227736,1.6646100710075191,2.478676139921657,0.5357677037512039,0.9934221680018823,0.0
11,0.09626901735898162,2.804433555103538,1.6317230322057337,2.0431620349059973,0.2686620306971715,0.0
12,0.8974734351924621,0.4190394691959489,2.33406143835107,0.6009449977578809,1.9889506687809402,0.0
13,1.3583108038848195,1.196619612371956,2.39582765385083,0.0768069501664432,2.9323316864576547,0.0
14,2.161168929410482,2.9581607812919373,1.1067418973389236,3.9802294541670076,1.9025038336124254,0.0
15,1.3543748085808711,0.6386582436050153,0.802651908849834,1.1729853576405045,0.5511486853402463,0.0
16,0.5734659156513956,2.5896940220465985,1.747519748768347,2.6409379134315323,1.438545934344154,0.0
17,0.6169745090286548,2.056824732273835,2.862311352216976,0.2869998578961752,1.3041330632452794,0.0
18,0.7381106263604928,0.8029813108044452,2.0561731639264376,1.8628787852764317,1.5958347024946407,0.0
19,0.8921310667947404,1.1437123421457083,0.022668577123718173,1.080075094271929,2.615775359543538,0.0
20,2.4317276329304316,1.5255650984097366,2.8642974204492186,0.17792772448376026,1.3055619056017689,0.0
21,0.8793484933010957,1.8164736580609364,1.7774584596956176,3.0757457277963858,1.2525070949043815,0.0
22,2.5251674156016817,1.9810724248164717,2.5739706284616566,1.0429118481579267,1.0069588608462183,0.0
23,0.5876723268308685,0.46659571865827293,0.5463777585013307,1.52549756550423,0.6015413904463724,0.0
24,1.3037781838616955,0.1180896533575258,0.1867966957027523,1.4672980017667854,0.6716582900317235,0.0
25,1.2626951669432938,0.1496363714172378,0.19826687768730172,2.1922370722054,1.1077740481233764,0.0
26,0.7687776207960866,4.113097890686775,1.0525558142937075,0.17084635712972593,1.009649004199464,0.0
27,1.6167090843500433,0.1295710076853535,3.7452883260860523,0.41365340611254486,2.478325443727706,0.0
28,3.2754869336399914,1.9754959715151756,3.6102707818887807,1.6494995712829883,1.7722260861726244,0.0
29,2.5571899612975115,1.3160657063590884,2.3800446814132026,1.7299275561840435,2.226094803864912,0.0
30,1.9745569625833244,1.894873803084115,1.3099728177020757,0.3019127371011299,1.0578952582373435,0.0
31,0.3302769357818882,0.5518103616934034,0.6762044783023847,3.076966949552603,1.6590814575104005,0.0
32,2.688466106166614,2.075510509199575,1.825792229862409,2.846298289521835,2.4245185807713354,0.0
33,0.0066132649098079865,0.7646529801208943,2.59727223916348,0.3876770494521747,2.476324611646741,0.0
34,2.301109461089658,2.210256719841617,0.7860970768535029,2.0043702629653737,1.2094012221975832,0.0
35,2.485929294289515,0.013381167791736107,1.020781822433618,1.3577325182166453,1.9564179352189255,0.0
36,1.128007497645899,2.0711721364659823,1.1283810917697041,1.8460106370366687,0.012696670730449071,0.0
37,0.5137377460587799,1.7744130890989496,0.7004053487439915,2.5814214119259757,1.3594524567527462,0.0
38,2.008540849531948,1.0434206979835623,0.1645735322040049,0.5032632443413529,0.9927631224886782,0.0
39,1.0920290417623189,1.056349090570789,1.8033982026647568,0.425870638953567,2.035585601569063,0.0
40,0.017470476879860582,0.13883582238720252,2.6146648456742145,0.2343600604626978,2.618035590410344,0.0
41,2.448639328899361,3.9195113353486017,3.110578352775423,3.16107910000254,1.0839875562170551,0.0
42,2.4535485425530563,0.7773281153919765,2.5462767749051216,1.9905670906127488,0.43721792419577715,0.0
43,2.1130839491248956,2.7994434961694155,3.0543540918997683,0.7410509101407049,2.5102190667821818,0.0
44,1.1321743299953506,2.667947866058015,0.9244875879188055,0.5341500144923466,1.2350892877004076,0.0
45,2.3206000570186087,1.8833432267853554,0.5721661180600872,2.9348434988335437,2.089908803511357,0.0
46,2.438039945303652,2.137252773926171,1.0425645680184858,1.8460787491817103,0.08045701865033704,0.0
47,1.584913590797936,1.578729984800695,0.46598960362557046,0.6019364492682787,1.8675943366592522,0.0
48,2.594482444475323,0.19236900174623486,1.6693038573709846,3.404654242853723,3.570397231842484,0.0
49,1.0286789809964227,1.9172197503558261,1.4460824925347369,1.0577692405076942,0.26424397288569085,0.0
50,0.1392679228080962,1.8982195643470223,0.7810614781108126,1.6353051142200248,2.3689921080566894,0.0
51,1.0829718656558487,1.3047698486965467,1.1267717007961084,3.8929081239666794,2.43873711270597,0.0
52,0.9197297063849541,2.543208793925677,1.3619056638025215,2.2766599256516593,0.7638805320276056,0.0
53,2.703865365646321,1.5908735047879645,1.2528698574822823,1.4071211200678697,0.9047869797625802,0.0
54,2.3939094941832035,0.14055486727129635,0.744705424363604,1.093937742665378,2.0715476250647713,0.0
55,1.9690195171786946,0.770090961615319,2.161377894659225,1.712097533555972,0.5019501271505052,0.0
56,0.620014835191234,3.3163240663610414,2.0274255905841243,0.026017606717740678,2.153266219010769,0.0
57,3.083028699617659,2.6704781641021382,1.0956942588326004,2.27055075157891,3.0919931851545246,0.0
58,0.3481026316419003,1.0132943257628,0.9991630391296099,0.04945894589426468,1.9582231211242387,0.0
59,0.7147247771143469,1.4903683576536595,0.24468791744202245,0.7598685629472305,2.6113406337703533,0.0
60,1.4001664581527697,0.8792428234955311,0.7209346767432373,1.9778118950995858,0.9729804860491613,0.0
61,2.6882618599609764,1.454054636301201,1.3691114939610698,2.7315015264647133,0.49311106863052095,0.0
62,1.099920459331124,0.8551782502246836,2.1387013985357726,1.735809938012846,2.691239960918579,0.0
63,0.017384143201790898,1.4861085364286373,1.666833865163383,0.6742402276993147,1.5998256313016377,0.0
64,0.5400120877208848,2.204895398851922,1.019397683868656,2.5136132443035573,2.2312783130336546,0.0
65,1.3842929714542134,3.2060027523815475,2.3029436103190717,2.0954105450105276,1.247804588639118,0.0
66,2.2139240762719776,2.2543926224938073,2.0446735295569494,1.1945006921673367,2.8678083534311,0.0
67,2.2530497734632378,0.31354245545215875,0.6024190087902074,0.6452801858096678,2.2171730478526888,0.0
68,1.7111832241886824,2.759979310681811,1.0898418399588037,1.0909061847933141,0.4941819272340713,0.0
69,0.00027546749025462503,0.8066194270782711,1.2243859014845466,1.2288332958595733,0.16256965732643452,0.0
70,0.1535762323159619,0.10631700031582653,1.1908013777302173,2.936914542194328,0.6208589177528353,0.0
71,2.975481062236545,3.7005554999388743,1.4471656265023398,0.9792585452212857,1.3467851306444003,0.0
72,2.219699763148819,1.8958270404142632,1.9777372084850302,1.895287003838167,2.193551558337581,0.0
73,1.3118441638629974,3.2103832942889494,0.2887279967918132,1.3259133933929532,2.3719801693398854,0.0
74,1.7665628867244214,0.782441314196289,0.3820793245361106,0.41177518501186916,1.9924393224686932,0.0
75,2.0939595212534248,0.06633574450911163,1.2551918563187767,3.2115301377615335,1.742113970003237,0.0
76,0.06141686597184378,1.716503715447114,2.1448830377664816,2.032124586042577,0.8202935007582239,0.0
77,0.19593376634589565,2.0011630914122183,1.1105026747023208,1.1227777786591,0.19191502310756103,0.0
78,2.1723002935914173,0.3238138996882405,0.8699655293956345,0.7003746933935473,1.8509738827248854,0.0
79,1.5731981794976835,1.9446342706635724,4.083133044646982,0.15061259828574916,0.06386660782959346,0.0
80,2.5241360553643895,1.6817611655830584,1.690163038845122,1.795612556767565,2.9904601066371184,0.0
81,1.0350400244710853,0.3466483499432463,2.0586208544231366,2.162457054048436,2.634449051473519,0.0
82,0.6770265269085847,1.1401654508917576,1.4932379076473765,0.9707141378120004,2.547073596963102,0.0
83,3.014258481407715,1.5028682800774134,1.628536518031711,1.7272372163808614,0.03675177548575158,0.0
84,2.619677678631283,0.819207214457394,2.2747032510874523,2.1747972060210423,2.948809208290956,0.0
85,0.41016980425604116,0.6996637484954865,2.614470007263223,0.4369048750754422,1.0904322472723147,0.0
86,1.9128142023329315,0.25509070214135493,0.2268988890702035,3.736944685306684,0.25786570379670437,0.0
87,1.6984052725710277,0.7734812290402677,0.4808089539027269,2.3024027781355296,2.156313571358999,0.0
88,2.503129685523569,1.404699121553883,0.05997349122429189,2.5064328061725605,1.2449137325231991,0.0
89,0.20793921395187467,1.1873966431002376,2.1018253198865486,1.547890674743135,2.546381074072579,0.0
90,0.6397662374310484,2.4753021540111115,0.3131290575745561,1.2047285602113755,2.205351172610754,0.0
91,1.6068219144809155,1.5221389631695228,1.7069551015728621,3.8349866855181713,0.35551981686455847,0.0
92,1.3001480710079527,1.4568068308944537,1.111331082552258,2.545471780420601,2.304603199180516,0.0
93,2.3269216902689367,2.648684016252548,2.1699258016017016,2.3877408136570124,2.361731227641784,0.0
94,2.206561372562567,2.2107830847915544,1.1487608489768408,2.924129989756939,2.663189041324664,0.0
95,1.2351712312686864,2.1299072839267965,1.7892766137857534,1.4638780580355002,0.2527310444013632,0.0
96,1.598590316281889,2.2323420534566174,1.8980932432102315,2.0780600195102115,1.1979175849547172,0.0
97,1.3686160267977765,0.31418014276142536,0.4732830101085374,1.9356928985220958,1.4619577530116792,0.0
98,1.5294187136771915,0.22163368501923456,1.9595869904747623,1.2571205590085983,0.818851819501787,0.0
99,2.369908158255802,0.48754285265544756,1.4668812269576628,0.4871583319263374,1.064237214145663,0.0
100,2.042299921436788,1.4097892955221767,1.014726531112354,2.9343377573191507,1.4352933610159473,0.0
101,3.0892702020834446,1.3631762250306587,2.3861935774634735,0.5503829342377973,2.022887757537982,0.0
102,1.4188950373365765,1.7869174795040994,1.0645403513885208,2.473318257651677,2.9126307453928404,0.0
103,0.40939860746225565,3.092857504057454,1.2544641368978604,2.555410169507331,0.13112287491236388,0.0
104,0.4477544400300294,1.117413999647791,1.1025210942690602,0.30026784964620373,0.9353698887312266,0.0
105,0.5932840067727839,3.3066724022288967,0.28260992409215646,1.2122678177824509,1.3354499360098833,0.0
106,0.15850186097635952,0.21080161740463704,0.9378617788149803,1.2666557938512906,0.5109078702920166,0.0
107,0.011083188048071022,0.8214288484160216,1.7009047664344121,0.2148782399715682,2.9169982164158657,0.0
108,1.2640087858379447,0.9659903004341569,2.2199048846969243,2.1177960779143272,2.383191432737504,0.0
109,2.54665051513551,2.4736358649406074,1.2347402497942177,2.4841868007623504,0.5419271496261797,0.0
110,2.384866140807757,1.2126098170981634,2.5377318869746492,2.366288930744013,0.6671160133897776,0.0
111,1.939898787058864,3.178005597649969,1.1796804491324264,1.5404600324244087,1.3399554894420174,0.0
112,2.4100360214319267,0.8764587092942928,1.0890323986831334,0.38683544258111646,2.447392066531602,0.0
113,0.9143787790524234,0.7097189750103434,0.6381239542141349,2.4995713268345794,0.5690448155132741,0.0
114,2.9139214552912245,0.9948290534353222,1.8846400864463493,0.46293934579256446,1.767031131473646,0.0
115,0.5801085718782154,2.4228892436140588,1.608985850025831,2.014726476094706,1.417486727028612,0.0
116,1.9965845571222207,1.6061263489399855,2.0559449025876093,2.0880282294248054,0.23701029276693905,0.0
117,2.6399184489317977,1.1918074535397252,2.40393255224128,0.24124366568101768,1.3264614676875244,0.0
118,0.138691945239666,0.24235190762984524,1.4661308602914083,0.990156996651841,0.929055892249451,0.0
119,1.0939332946984432,1.3185030195047789,2.617488747122342,1.6640886285790233,2.186554737475351,0.0
120,2.4422912369671637,2.551811525615731,1.6776077919590444,1.5266611630016447,2.7656555215297143,0.0
121,1.393363121807177,3.2326953867871717,2.5191512950608494,1.2966768265142101,0.8654308252577639,0.0
122,2.053132368096908,2.8170073005335046,0.12341921612767877,2.088874323498941,0.37853167456414116,0.0
123,1.2545316085295524,0.12889626933488105,0.41203848303928114,1.029443037043944,1.1615622920452873,0.0
124,1.1726657775158191,3.070310883827314,2.5763659615953522,0.7215227589589601,1.0257772992001684,0.0
125,0.9088901467725069,2.3169680127001246,1.8357463680538166,1.6170586458124963,1.9385152354087278,0.0
126,2.5910843751315316,1.0564947993037053,1.4062694375414755,2.362174285967538,0.04149239639675386,0.0
127,2.665653004191854,2.1821547776155237,2.6362275297097173,1.6992353484710296,2.6577465717580924,0.0
128,3.266708138330217,0.49379144675517633,1.1717088132678848,1.0851211345183902,1.969492449508994,0.0
129,2.2551370261699732,0.1188898347682752,0.3687855950089329,1.2312832036955428,0.7444636857113485,0.0
130,0.35025473199795426,1.5642994525640135,1.509706227533923,0.41130885850907273,1.4702096861046117,0.0
131,1.2692510274891757,1.7820533184144576,2.1812109941750704,0.22121542269317973,0.40487046059687776,0.0
132,1.9039221413888583,1.4226968721257396,3.786413616000202,2.3607974085878536,0.24411492986135164,0.0
133,2.8118348239156843,1.7243050029127935,0.3878414757411484,3.0351609670799755,3.4575710442597405,0.0
134,3.6660413383223176,1.2884130901875421,1.387600996244827,1.5421296629481827,2.7142547077754835,0.0
135,1.8850642062420484,0.2623600362185239,2.983592423784721,1.3513608179084846,1.3155384738005422,0.0
136,0.40272515999887615,2.3909342176690753,2.3602448894972565,1.6071275839631678,1.7521702957404715,0.0
137,2.9392972655266645,0.7764018634818642,1.3319103525940732,1.2477668307060206,1.2146453066887934,0.0
138,0.7885023034792867,3.656450082783301,1.0400564365717928,3.1116555748001056,3.2916457401308263,0.0
139,1.686445955947466,0.09911587872780715,2.2476089719296075,3.6006820502334365,2.7931674683076437,0.0
140,0.8647439034849589,1.5599538781137046,2.0058754301141883,0.27416183278066575,1.7996742024336887,0.0
141,2.700380869721886,2.230149041336334,0.15195425280784178,0.2144409196620607,2.358100526296553,0.0
142,0.4130188205973115,1.3851514225866581,0.7231608844743806,2.035517093741258,0.14635654950798885,0.0
143,0.19633053801340805,0.7901070615732972,1.1958508570487494,2.0991896856398697,0.8562842850566842,0.0
144,0.46382689622152284,1.3871184376931804,1.9128329040205752,0.18684508580477643,1.6898222445374438,0.0
145,2.8534432727653107,1.7330035853395829,1.4867600223109505,0.873435607176234,1.995995486017696,0.0
146,1.8037571093587987,1.0151634642454497,0.5199974860755672,0.7285486794089394,2.5074678002963977,0.0
147,0.9824041903519344,1.0255239190676226,0.13981365593381745,0.09645402801903112,3.168197310000031,0.0
148,2.5539169429918798,0.7515971506388058,2.8734331758503004,2.381440000409735,0.5329516317369358,0.0
149,0.3181903832518306,1.6067755828086077,1.8114083408819015,1.201077002386652,0.047955618171557475,0.0
150,2.086176892286461,1.7720001052365977,0.11649778871749375,2.169525418944502,1.4680782508214647,0.0
151,0.7461837573729101,2.7608819598170626,0.8236755613307533,2.267491537271695,2.213481731566484,0.0
152,2.3971055486534816,0.33649046368480423,2.3911162547672116,1.0173446748154709,0.9334073924778568,0.0
153,1.8247470665347734,2.883766717753643,0.19435943458031069,0.24284037889016175,2.0181720590172803,0.0
154,1.5891284386768716,2.646158599723271,2.254939248179516,1.6874780851105935,0.6901618641282034,0.0
155,0.5451780745652071,0.9145112084622119,1.9460711535927495,3.066639934416694,2.2983580804953783,0.0
156,0.959774546633471,1.6747919324727054,3.497399181706665,1.2228800502301926,2.3774605184822217,0.0
157,1.6837500174624245,2.2727435527599495,2.6442545043032273,0.9201781993803616,1.9133154945223583,0.0
158,0.07210987582398916,0.18437380806321796,1.79509912666959,0.6724638866434698,1.0180039665593201,0.0
159,1.348529791951512,2.7881495509178205,1.3401115556388203,2.0997150997091136,0.164202738713832,0.0
160,2.139195541511986,2.9823821508401056,1.1998152490835612,2.713376987867143,1.1404846219060607,0.0
161,0.046353181758567945,2.7450752885776786,0.5284815467001254,1.0537294780035775,2.2053791342433495,0.0
162,3.340247215879534,1.6206238213052415,1.4547577406887597,0.2665496630942644,2.625358070034798,0.0
163,1.4881349822987069,0.25386305528487124,0.9635177736994219,1.4718142366212354,0.692057479983429,0.0
164,2.842242373985327,0.8449448040403845,2.326735229753573,2.709572971573615,2.093183000348735,0.0
165,2.303814761703982,1.928556561509852,3.660687393814233,2.5989294750881307,0.09680958609676175,0.0
166,1.2749172778770534,2.394036858478406,0.7564282462848148,2.3778590165612155,0.4160116485905992,0.0
167,0.2746355231898341,2.0245237126543545,2.4449931921344326,1.5653145311229704,1.4989011614324839,0.0
168,1.868514942397495,3.964660939317472,1.1147571153212705,0.23957677702750643,0.9131024881265194,0.0
169,1.7949913090584486,2.1057815881351276,0.09218678485556113,0.7491040705210806,0.1780506651222343,0.0
170,2.145763438676502,3.313707867549815,0.49952175419717115,1.0990984717483112,1.8445283618984882,0.0
171,0.6465716218932169,0.45197228376951876,0.019560625615994566,0.23677227018574373,2.7913353760676323,0.0
172,1.4391650663589994,0.5212354113454467,0.4209129239860445,1.4910243105063894,2.772542685706795,0.0
173,1.5034067204146548,0.3604527912376368,1.5739826248562427,1.316562113591571,3.667849400879773,0.0
174,0.743227417497586,0.9607403271360119,1.5524736167261028,0.494374012774409,2.6384928964649053,0.0
175,1.771668660904684,2.7133744692990702,2.385815920526194,1.9367087003095207,1.3919518328604044,0.0
176,0.08462188941365947,0.5740846515353206,0.2540470961488568,1.718757269591279,1.1596544229316825,0.0
177,2.3634151781086308,0.13250702032662684,2.774377850783772,1.237350699530131,0.5424084488682795,0.0
178,1.3561137415195113,0.23695413847076363,1.3266645986074936,1.0755080709833575,0.4743773082956899,0.0
179,1.2290528944923291,0.42244073582695946,1.11325016563531,0.6396121863623403,3.47878550065668,0.0
180,1.4221781618501286,1.5884271255167646,3.3225241785518103,2.6505304218539067,0.7086638650687747,0.0
181,2.854124205243405,0.0043150944964056226,1.9106965762858543,2.963056431708047,1.6328855567064517,0.0
182,1.2380368138952977,0.7074180311613127,0.7431744629125745,1.7404208042998672,1.8791078004728194,0.0
183,1.184477077243071,0.3293153765592585,0.9198198040266432,1.6164642726644105,0.7248723595628417,0.0
184,2.351621024054623,3.445746572752191,1.0645607024166652,3.0394423212550565,0.8600734628642983,0.0
185,1.6852079987822008,1.1806480470603273,0.5583104473057677,1.8787799934779286,0.6536021916678235,0.0
186,0.33328837066588435,0.4979017159271356,0.9735975015517149,1.5981168205755376,1.3515317693116637,0.0
187,0.10805436868222278,1.8652124531408252,1.394089086716071,1.68964467638128,1.2656874194548924,0.0
188,1.2772635902287317,0.07459979774659607,0.788574805183637,1.8335059020241509,1.588964544544389,0.0
189,1.8042921196278001,2.7627150314093583,2.3542174803326312,2.7700662009126127,2.3316179817609384,0.0
190,0.04148130309235662,3.1543421899584803,1.2644662747858852,1.637491613770823,0.2626388947138646,0.0
191,2.9731514326305715,0.5623531204189548,1.5723495776250629,2.4761275736544617,2.1174886055567916,0.0
192,1.82728923218027,1.580339091647729,1.7493198143477995,0.1666738228654848,0.8965441633751824,0.0
193,2.0884420292335486,1.1327083968405987,1.0695307468628372,0.9499647053211082,1.4377553812223414,0.0
194,3.703602201637778,0.5360711588984223,1.9756178290363646,0.5125327094293987,2.7438383665591495,0.0
195,0.8366458845504654,1.2916974721705516,1.5468364452301184,1.6258203164667995,1.507835031601162,0.0
196,1.6925098375523224,1.2279770153812528,2.2984478737118317,1.2340768245108318,1.6264608373959297,0.0
197,1.6379408507081725,0.9921689747229113,2.390252188573264,3.1493554990320445,0.7686733832536579,0.0
198,0.9805832502321735,1.2281501470382317,1.7386629247033187,2.119729838751218,2.6789014558326523,0.0
199,3.1286380717382616,2.253888520729013,0.04484959894629723,0.5465925709027274,1.5989903792552411,0.0
200,0.525895199975258,1.0446187496636885,1.8178066906122041,1.5596899057731093,1.3573148299970903,0.0
201,0.5454856804073898,0.7377199008504176,0.5326882065234219,0.9421084863787855,0.8765008892738446,0.0
202,0.5458382738648292,0.6025621985967421,1.0934902659838326,1.8931529624996877,4.0390513262262635,0.0
203,2.2594616781558865,0.6380963385517799,2.6778553180897733,3.827332678671329,2.5258689212307095,0.0
204,2.175031771371462,1.1722734871172344,0.14618095403836626,0.781375851485411,2.228639599004148,0.0
205,0.4307676849546828,1.3466787526307806,1.9481863470135121,0.6077738133295733,2.8014221329789017,0.0
206,2.7682498289511317,1.5446619733064535,2.561042588811676,0.5889572829545949,1.4851306549356251,0.0
207,1.709119669060925,1.6838771689615413,0.8272284021827515,0.887950756216592,1.7732372403183099,0.0
208,0.6159874922105553,1.001015409265516,0.2700477947805407,2.1414519712754263,3.203398296799315,0.0
209,2.7234797123325776,2.654091256024871,2.8727425822365773,2.694591332280661,2.029391093122031,0.0
210,0.663599659854128,2.551308530185913,1.5363148795177939,0.17969065187859362,1.7237595111666157,0.0
211,1.9750695397206557,2.9231807695045635,1.3823266391401778,2.9546855440096635,1.9764718661988778,0.0
212,0.7684316785232306,1.1170306173864857,2.0366997086891283,1.8720963520684744,2.3151726825458603,0.0
213,1.122862594926281,3.1956417521551486,0.6117255596247959,1.5420302957655072,0.9508634226604629,0.0
214,2.2090064051929352,2.9797981979272175,2.9590645833830966,1.4168901729130383,1.5760041772911408,0.0
215,2.904104091944207,1.1982156779079303,0.5454923574928823,2.810887719683251,1.8069397203368747,0.0
216,1.4162348924132837,3.0441627567583787,1.8383561229494296,0.995640650162019,0.7266809323763329,0.0
217,1.1919207679938104,1.1394602321941396,1.7842275877391163,2.139555470292915,1.8034871776861687,0.0
218,1.0407595816659687,1.2948502323978546,1.1868604069852835,0.1296265015056084,0.2901201571604336,0.0
219,0.773084791465899,3.0973081284186517,0.35058472675398006,1.9364086152043285,0.5079490958804717,0.0
220,1.662880010345714,2.8555177514881267,1.9369540815027217,0.21428052462959224,3.1936327216809834,0.0
221,2.5363580238209376,2.5714912028814356,2.7742920892570226,0.24109974392798403,1.294312683139044,0.0
222,1.2226595554262634,1.5037494792247175,1.6010092501658169,0.14996020821058043,0.5197579295570438,0.0
223,0.5913712578720156,2.227154568777192,1.3168095224519742,2.558684785429479,0.1961219819970108,0.0
224,2.1681302790549677,1.5477702492239567,0.5232272081011239,2.1362243222063895,1.2087603196391226,0.0
225,0.3356652533381468,0.8047774035003411,0.6039524552453475,2.819775435363361,2.3924736620940563,0.0
226,1.319941133229815,2.653269929416109,0.7060152002987972,3.3165812533518277,1.8393689854736355,0.0
227,0.8547278376963381,2.92141195108314,0.03348084628938955,3.443113821075452,0.7453933931277815,0.0
228,0.3220710805940833,2.3558647404605404,0.7280924094561898,0.864846208415959,0.7067386279187892,0.0
229,2.338253564465021,1.6670278422987834,0.13736772703556327,2.0200738741918136,3.0739040561729305,0.0
230,1.0926689293231022,0.41344278186224226,3.1969416752813844,1.7221891579389563,2.323348898630907,0.0
231,1.6387315261720623,1.3992567453301226,1.1780908003015151,0.11116289779732728,1.702744265918502,0.0
232,2.2654160150820313,0.11758207224516591,0.6117609080975308,0.7697642033724109,0.5510860867875051,0.0
233,1.8436033082831145,2.3240359943510005,1.0530319327627025,1.4828245468766512,2.346061411692802,0.0
234,1.2337419220875452,2.108447648436957,3.2028232290005527,2.015346952736161,1.5546469627015094,0.0
235,1.3734417621660457,0.7651492228294853,0.6309542803018755,2.646244624062425,0.4677419960312665,0.0
236,0.09713804254945409,1.0160383429398503,1.645902806154135,0.20569620258466456,1.0424254353198452,0.0
237,1.2007115666536226,2.0086414081025454,1.4843272532110872,1.522784391926541,1.1185974093660376,0.0
238,2.2145967479231614,0.5476971849637162,0.30254764070371853,0.5957425924471381,2.6487440759982803,0.0
239,0.4920606763908673,0.24783558788887206,2.6382938276877814,2.459810308623104,1.1886254103382068,0.0
240,1.6683769847680985,3.333446696354706,3.166483400335018,1.244664258317205,1.2557674922605622,0.0
241,2.5954307275937376,3.9930191844497287,1.7355968136430373,0.35831052980376416,2.8556772852824097,0.0
242,2.515878682002431,1.747616833575539,1.6160964509818743,1.2113309958644942,0.6232132429306546,0.0
243,3.7189561255305774,1.7546088117237821,0.8184993269829969,1.3033508118941965,1.9011458230521747,0.0
244,2.490716595977702,1.5711599256951239,2.0149010604069257,1.258491371681402,0.7686431433613216,0.0
245,3.4394981030686425,1.1125859391653081,0.737951571546838,2.6757393630106923,0.22618125167922812,0.0
246,1.0526926944202901,0.602628388719196,0.8136004472455874,0.21918409842133293,2.425254302054928,0.0
247,2.273211980230395,2.613805123731224,3.4204124012555734,1.2840098982254247,2.411276994671764,0.0
248,0.7127062547236931,0.44381503589527743,0.9707794895149244,3.0657689505950287,0.31514947856295844,0.0
249,1.5220542499872984,1.2658116278675544,0.08805801110455205,2.1477685223146827,0.0319824564905306,0.0
250,0.7597095959568666,0.303598733969682,0.431806212400186,2.2766029057340633,0.6986596350797293,0.0
251,1.2786266676504765,1.9589268385757437,0.3007006201982325,2.7515566157610043,2.087426550233648,0.0
252,1.5491649524751792,2.042619474306709,0.8320649918196673,0.3039358605821076,0.9584571838640522,0.0
253,1.9474650068322428,0.37909139717342083,1.2717707740016269,0.2701260278963965,1.2596781134341601,0.0
254,0.158661951511046,0.09211484942831885,2.314060220586237,0.26953117221847167,2.1882482376310066,0.0
255,3.0042382683310844,2.5256471817228783,0.5450776201632997,1.5565860456672036,2.3697268270392295,0.0
256,1.4272091890509948,2.686803405480081,0.06855912085195118,2.0235680114807173,2.862230387574346,0.0
257,2.204191122216651,1.7929382478434426,2.425335644870878,3.0464560020503146,0.4609590380548134,0.0
258,0.0902517142787401,3.0373531473760504,2.3421781890311864,2.472603102383411,1.3981428275493515,0.0
259,2.331650766863888,0.5128868698628023,0.6345989776990442,1.0679975034081468,2.397214317968657,0.0
260,3.1285626352279254,1.7093899530083974,0.2277048634506811,0.7644606261766429,0.5603310553790299,0.0
261,4.289409109028025,0.08610077899600267,1.0786049575892878,0.5981581406552006,0.29607675775328485,0.0
262,1.6285721793000987,3.8526563105050484,2.4631859171661623,1.9527403553703115,1.8719039298806708,0.0
263,2.8293793376829095,0.5163009694202,2.356177235255416,1.5597995392779758,1.1839962847711338,0.0
264,0.5638225275447315,2.8000028947872364,2.566875768819752,1.1052535199657172,0.8954212389771389,0.0
265,0.5383867748591501,0.01625701730696833,3.0800405135721096,2.960090591437581,1.2136334273770524,0.0
266,0.6137737520264456,0.283727092739465,1.9217253104914411,0.6383311021283539,2.1400417218726577,0.0
267,1.992700819483016,1.8844694768249683,3.2255140265010103,2.2728838001028966,0.8794662204099608,0.0
268,1.7954729538443823,2.854283773004242,1.3883384759990829,1.326671688822369,1.0780540584360148,0.0
269,3.5778861289676316,1.2096209613080395,0.8735735586375136,2.4974888070311785,0.6135648532248239,0.0
270,1.0448491481187625,1.4928800667170186,2.738283742115807,1.7241348555382048,0.8859641880731322,0.0
271,2.065825686544102,0.633611318963158,0.1973039750726877,1.6779517373376516,1.2499158521711233,0.0
272,1.5452954475003056,1.133816702590484,1.608547201617577,2.385216985680968,2.831263415445446,0.0
273,0.32125877802907704,0.15911613214613815,0.08743234033521463,0.5360559253095892,2.3565888262232337,0.0
274,2.443841736388887,0.31372268162348144,0.2984925688948578,2.033698691108276,1.55958230455445,0.0
275,1.1194459179353276,3.1638892206976506,1.587674233485672,1.1601156826816692,0.9793452781735382,0.0
276,2.0293291655547088,1.0227224610457386,1.8988061626810848,1.9083811947531912,0.6315687145822786,0.0
277,1.1719919777589192,0.8668207371270871,0.08151526588263128,1.7708220671112291,1.1910214070016651,0.0
278,0.16986688220957574,0.2307740681144026,1.245572758333323,0.808398408814856,1.8971064367195172,0.0
279,0.34624519288948885,2.801034817226265,1.1626340167877527,2.0687669155323927,1.6916624433383556,0.0
280,0.49026555971150465,0.12699810215924331,0.9910775572473863,2.5595065380109294,1.7223105745841711,0.0
281,2.1514862941407347,0.813134764536347,0.5873397310190248,0.17623244087267426,1.8190498582069197,0.0
282,2.318304980845533,2.509615612497439,0.17237785059144217,0.5410010827335313,0.5587901376048015,0.0
283,2.772940097252911,0.7242801078043284,0.49073349257465265,2.3863800400667117,1.0555513018266234,0.0
284,1.8106768137864737,2.9390616792819975,0.7172075877321593,2.720041410373657,2.007665014070404,0.0
285,0.392016996264315,1.714489875803317,1.1502230060009702,1.6985942374072447,0.0837652456604903,0.0
286,1.5316153358347344,0.5013154826672773,0.30499058952569397,1.3821076756708601,1.6150704334218737,0.0
287,3.3086348767998643,3.0265100029143843,0.236507033344102,1.1129187437060175,1.4279511531968232,0.0
288,3.7903984820917778,1.1424553433013014,2.1965163132277774,0.9241713257974216,1.411584549399613,0.0
289,2.6360147524647997,1.2231223607600987,1.807898866174066,1.7319644686216134,3.476603514641348,0.0
290,0.3132016383517077,1.7581449271706533,2.0188131461137093,2.1550265077012773,2.027300198931855,0.0
291,1.3505861871502516,2.08830487390179,2.632099652238705,3.0949320443880253,1.0342350325200578,0.0
292,2.576312936578495,3.3361560716382415,1.709873970341704,2.09676874419304,1.3304980597211584,0.0
293,0.3211630576388514,1.4551967367325218,1.206977631876517,0.15621129335706638,0.2513826936998034,0.0
294,0.11285815484651929,1.7015374667644927,0.39896945515170534,2.8079503077464665,1.5676374482642816,0.0
295,1.9139342172603289,0.8320599685585645,0.9384304143766538,2.637310007629531,0.6542470732948917,0.0
296,2.8749863771907744,1.407641259323517,0.42719688615778684,1.4616191081145906,1.96406834059984,0.0
297,0.8976274514810818,0.6107197490318544,2.39547876834954,0.1488247070710462,1.3996685553123651,0.0
298,0.166515115527762,0.528419853677708,2.8942166691003712,2.395556442935815,1.8789438999793653,0.0
299,2.9685322282897175,1.4002964338819848,3.1896808908401066,1.5331363062742238,2.3485931169915593,0.0
300,0.35526370097565196,0.6780217826825344,1.9170420061418831,1.4322281175941673,1.8233476845322378,0.0
301,2.329734387465141,0.6618926918722271,1.0078669080109004,1.1915630055576212,2.3535234449812448,0.0
302,1.4156580828614564,1.149962884357905,2.3366480106584526,1.8321606452522257,0.9849014168575874,0.0
303,1.0395061882596763,1.0025605420325585,0.7071163189208243,2.3412182401639208,0.3254021531993795,0.0
304,2.1575423708046424,2.382908875401725,2.1783683219082435,0.6649240401422083,0.7549728424445888,0.0
305,1.1454220564865607,1.1914012490901635,1.191025313822116,0.008868057659903686,2.2628068722077237,0.0
306,2.637538626402301,0.6662264171547662,0.9915575208871414,0.9970711911537545,0.8977402823773977,0.0
307,2.416366732455151,0.3370530460348274,0.30746743835374213,0.6499765611245032,2.617435520690802,0.0
308,2.3127491205354023,3.238473610470008,2.211475449367423,0.4140536168360248,3.1251700553604222,0.0
309,0.11937298805415343,2.851184877243578,0.6623161391924789,2.53440591612103,1.9180074016421955,0.0
310,0.8016339747741579,1.6928268877769894,3.059600619443438,0.6005082249339255,3.0574448857824166,0.0
311,0.20194625101973085,2.0732002108383183,0.38044288764313694,2.170860409985585,0.7812545656969546,0.0
312,2.217460673589587,0.35680322862623215,2.946503571687066,1.7474405272274447,2.4985425220387,0.0
313,2.9370163895696924,1.3959768095547247,2.618803963057032,1.9260957126511267,0.18661410100733664,0.0
314,1.6969197309704496,3.3150770910464002,2.7637916461225664,3.5851565205022013,0.969452966041827,0.0
315,1.1166055208267143,0.4606589221630363,1.9518534441502722,1.0296312500001643,0.904735128269254,0.0
316,3.1177801491613315,2.8235714152012426,1.0218359847007754,0.5062929990036507,0.26351725850824764,0.0
317,3.0070746824945633,0.9596709605794475,0.46470654683162926,2.3493480758649277,1.8518099557833347,0.0
318,2.316665875305214,1.749669851040067,3.182596727983473,3.158854847266212,3.2228982733226577,0.0
319,3.2126893857038126,1.747220338378979,2.755086719266867,1.7057414895543237,1.82689267948768,0.0
320,1.8720582707387274,2.6042929772576775,0.9639772221170506,1.8712046509720595,2.028913305419392,0.0
321,0.7435656891903126,3.307627283580678,1.446586624902382,1.7273462429562356,2.596725879585454,0.0
322,2.473639411193897,2.372305275318151,1.199781845714903,3.5610344949869295,0.2809582685208953,0.0
323,0.8340117287734706,2.9513485718553767,1.700261326906286,1.1081588291943307,1.9968511584640862,0.0
324,3.534076728039701,1.0008105014363526,1.1972671662165517,1.0449929404824598,1.6765144487942976,0.0
325,2.582564397638276,0.16042162143186384,0.5424265240249516,0.38219325944540933,0.8499437954454165,0.0
326,1.1299285406922874,0.1791640693435509,2.6502863749171266,2.599396243062727,2.077072772713727,0.0
327,1.284797385387575,2.3274914977434213,0.89605132654389,1.1333823344945564,2.219106451400331,0.0
328,2.544724706862329,0.8915615530299259,0.2028378058616215,1.7630924216259565,0.05794727405623639,0.0
329,0.9376586091449041,1.4414700873513484,0.10160694526978113,1.7891806481439732,1.114420360408841,0.0
330,1.4505979114415217,1.3953828818921568,0.19606993270243747,0.30951367914332456,0.9524624432687873,0.0
331,2.88975326717843,0.2113695228341049,0.09224631612762164,0.5981480120186089,2.0706466972963247,0.0
332,0.7575567667979561,0.6069655591960709,3.3747626446163492,1.1199312082461022,2.716498455604095,0.0
333,1.8743331350598433,2.0478894389815916,1.129998236529071,0.19653323482916268,0.7251990562343875,0.0
334,0.13312831939138775,1.1341971045893346,2.1924161725714986,1.837756859996069,1.9122950557951897,0.0
335,0.5342564101078923,3.2572071047004147,3.546127478976864,0.7925258799755112,1.1755047376983236,0.0
336,1.4289625693390262,0.9887127918033926,0.4514618177026138,4.04400911901185,1.9676798165328029,0.0
337,0.04138954969724217,1.317806480597128,0.6610568405810547,2.6085504178953243,2.366956429499678,0.0
338,0.198462068070063,0.768478494345128,1.9901421447685443,1.3904731913172694,1.1045233903800111,0.0
339,0.0592517878936355,2.1039174603727284,1.61626136090285,0.6318996708864545,0.8761621816764145,0.0
340,3.4255902656807082,0.6189249749332276,0.6946911859705572,0.5743319750993438,2.758804880283858,0.0
341,1.616074152289371,2.950325229250433,0.1111989379828007,2.216437085124651,0.8598615473657497,0.0
342,2.290133297897792,1.716603773104383,0.02912329404563909,1.141449932545597,1.0109588956392495,0.0
343,1.345824800709091,1.5810903730826538,0.19731895542873182,0.16154158101196872,2.056415831335563,0.0
344,2.645459546826535,1.98716342093507,2.0721041955880675,1.977539885439164,0.6449146335688529,0.0
345,1.6291142202397748,0.3790231963833907,0.5400662422830047,2.3472010659091507,0.2736459875658251,0.0
346,0.9864852267024079,2.8127404729394065,2.049180643715335,0.5732685538574613,1.7817581122489654,0.0
347,3.1060257530572537,0.039377753532063575,0.6805509262750093,2.528905099810711,0.5740760192013243,0.0
348,2.015727690799519,0.5923792437953671,0.2926582028374699,0.9547999156884158,1.837315106637342,0.0
349,2.9090931682295595,0.9390563140574721,2.0727420142369684,2.0914898386781986,1.725366666907192,0.0
350,0.21578529652096493,2.516874435450215,1.9903225822463062,1.5711039822216653,1.0963446375041825,0.0
351,1.6524675452637902,1.758672290955051,0.14639316834350732,2.7150607185320466,1.6613438407209955,0.0
352,1.009347223138743,0.8140657919167955,3.1440121294099703,1.822985785299314,1.2906215851449114,0.0
353,1.4851960402560243,0.09386444246858149,1.0060447248676918,2.3494921390695898,2.155689672586154,0.0
354,1.2427101815411257,0.27556017659579374,0.6946555870594722,1.3047007161069908,3.2910133471315652,0.0
355,0.5540930270101928,0.8363817031025155,0.7915417868206693,1.9498756533077988,1.9818209084757155,0.0
356,2.451270838328666,2.659780906403889,0.14584506461592936,2.8047976289960546,0.8869085947670033,0.0
357,1.1629569982192252,0.8912407588723303,1.3736684562571757,1.8550123874272086,2.001477495158148,0.0
358,1.5411347803483804,2.7921348602879195,1.4406881290295992,2.3788638957020476,0.14529098893591738,0.0
359,0.9202683482909148,1.4750677724497503,0.24044030305509687,1.165831774423164,0.5740618500469316,0.0
360,0.5869104509671305,0.5862374779482462,0.7168256862755887,1.0792189742010951,0.5306169733741689,1.0
361,-1.1018433377133663,-0.369218905167834,-0.13307078900168146,-0.43720127866171077,-0.6004494440527525,1.0
362,-1.2260244641395976,-0.5252349629943507,0.5829005495898625,-1.2756977191949597,1.1724351598160643,1.0
363,0.23866060711477963,0.3880094947281902,0.7679939895242575,-0.7729461246769616,1.0613579523525838,1.0
364,0.04608790574713656,-0.9076498525503868,-0.31711911810392274,-0.2403583730760473,0.6660478582554298,1.0
365,0.19091474994342245,0.12872893465455895,0.21893489468097155,1.595857975050204,-1.0725295993742792,1.0
366,-1.14441327249622,-0.815307832425797,0.2426181850720641,-0.38471799963683134,-1.2896125224461155,1.0
367,-0.16860866365348,1.2152648450838912,-0.7388032691163747,-0.7844744031385474,1.173671400065087,1.0
368,1.8576867466668918,-0.4267876491946198,-0.14059422101694005,-0.8140451493784912,0.10171296448665879,1.0
369,1.323810294175512,0.8668821140214522,-1.59562735159594,0.15313130767769886,-0.30836054969356225,1.0
370,-1.5216560836377588,-0.03485781113727939,-0.9045457155668227,-2.045243876542728,1.023073927371696,1.0
371,1.2578803812445924,-0.06952377728418559,1.0451446642813722,-2.6444366338924645,0.30816365298926107,1.0
372,-1.6286402067350108,0.11821598231696702,-0.26231034664588,0.4001966667971346,-1.0072458075696744,1.0
373,-0.874449490858012,0.0004135812115942592,-0.5552537339687048,0.9983792331295575,-2.1349224366452013,1.0
374,-0.9801998381721426,-2.1185393131149453,-1.0821921929882616,0.3826996203542294,-0.8838141377429577,1.0
375,0.11311423797166568,0.16256322009801683,-0.09744548351246997,0.3486815416156066,-0.0737511905314743,1.0
376,0.3084572157375233,0.5872381892637139,-1.9336885985427925,0.080432977336372,0.20959079075873674,1.0
377,-0.2757067966488017,-0.4941771007603425,-0.3126408480763537,-0.6342060196314557,0.32971410424469005,1.0
378,0.42004451640860907,0.37071030774766944,-0.5252160532984599,0.07987904287163572,1.9080192081924905,1.0
379,-0.164240031754065,-2.477811373068737,1.6083356256374137,0.8405513783503276,-0.0079029675542052,1.0
380,-1.0689624341070523,-0.3371026948837448,-2.5408609353117564,0.019676022511993692,-1.592361706514354,1.0
381,-0.675348433101245,-1.3178097926717818,-0.9600796185210047,-0.7960628862065312,-0.5904345082297883,1.0
382,0.8625674683812526,-0.21527759008447028,0.14622971533421233,0.34987716338593255,-0.005658910912421476,1.0
383,-0.98437941738283,0.03454921217865212,0.25660882490046694,-1.3333711802551778,-0.8576823193865742,1.0
384,0.009250498635677458,0.1330715354495176,-0.858875804420311,0.5665364034225335,0.22408486628414653,1.0
385,-1.574745049779246,-1.199016516401155,-0.40554058894020506,0.3745159308723092,1.852040790243873,1.0
386,-2.203307760438863,-0.628248986193941,0.868284314859383,0.05349151754463824,-2.890823695049263,1.0
387,0.25048319612887526,-0.06001935638759682,-0.19595731640145458,1.380412730176638,0.01689699469189968,1.0
388,0.8602141332526414,-0.215052233890448,0.3819674625762986,0.77202392066653,0.9552393254110539,1.0
389,-0.8482757342009802,-0.016578547621472588,1.308634382679164,0.5016488082729165,0.17341352917653088,1.0
390,0.1681045875245506,1.384120793176011,-1.8693367774975622,-0.2966060782713115,2.521392525247383,1.0
391,0.44753705586655224,0.6852421303011987,0.32727521504015966,1.505865256915651,1.1494837011170915,1.0
392,0.9556283686113335,-0.4395915891158391,2.1495481979498448,0.12408919979610006,0.13768241694981664,1.0
393,-0.10694596292906258,0.24295741561730802,0.1365492904650677,0.48199914220337375,-0.10901647606468502,1.0
394,0.07816237412659191,-1.3658123895771441,2.384460843346127,-0.35600682187574345,0.46649383430816954,1.0
395,-0.03896909809184313,-0.015169423290880217,0.3827336278534241,-1.3454104352454157,-0.48920301412055467,1.0
396,-0.6233750974300029,-0.3015905457955895,-0.7029077716268022,-1.564173905039532,-1.7555987947140073,1.0
397,-0.6225569946540405,1.2890965781341326,-1.4365329357390182,0.7109479971495519,-1.0203095586837156,1.0
398,1.1252826616167422,-0.0895383619203932,-0.2534904304357465,-0.3813209290469973,0.8236775537746539,1.0
399,0.1319082188677275,-0.037579963156934695,-2.3025418010321004,1.3919301758153009,0.3544212010619156,1.0
